{
  "type": "minecraft:block",
  "pools": [
    {
      "rolls": 1,
      "entries": [
        {
          "type": "minecraft:item",
          "weight": 1,
          "functions": [
            {
              "function": "minecraft:set_count",
              "count": {
                "min": 0,
                "max": 2,
                "type": "minecraft:uniform"
              }
            }
          ],
          "name": "minecraft:stick"
        },
        {
          "type": "minecraft:item",
          "weight": 1,
          "functions": [
            {
              "function": "minecraft:set_count",
              "count": {
                "min": 1,
                "max": 3,
                "type": "minecraft:uniform"
              }
            },
            {
              "function": "set_nbt",
              "tag": "{nbt:\"victortart\", Enchantments: [{}], display: {Name: '{\"text\":\"Victortart\", \"italic\":\"false\"}'}}"
            }
          ],
          "name": "minecraft:sweet_berries",
          "conditions": [
            {
              "condition": "minecraft:reference",
              "name": "victordepths:player_in_victordepths"
            }
          ]
        }
      ]
    }
  ]
}