{
  "type": "minecraft:jigsaw",
  "biomes": "#victordepths:has_awecloud_town",
  "max_distance_from_center": 110,
  "project_start_to_heightmap": "WORLD_SURFACE_WG",
  "size": 4,
  "spawn_overrides": {
    "creature": {
      "bounding_box": "full",
      "spawns": [
        {
          "type": "minecraft:villager",
          "maxCount": 4,
          "minCount": 4,
          "weight": 10
        },
        {
          "type": "minecraft:snow_golem",
          "maxCount": 4,
          "minCount": 4,
          "weight": 3
        }
      ]
    }
  },
  "start_height": {
    "absolute": 3
  },
  "start_pool": "victordepths:awecloud_roads",
  "step": "surface_structures",
  "terrain_adaptation": "beard_thin",
  "use_expansion_hack": true
}