{
    "display": {
        "icon":{
            "item":"minecraft:blaze_rod",
            "nbt":"{Enchantments:[{}]}"
        },
        "title": "Finding the Red Rod",
        "description": "...That happens to be yellow."
    },
    "criteria":
    {
        "get_item": {
            "trigger": "minecraft:inventory_changed",
            "conditions": {
              "items": [
                {
                  "item": "minecraft:blaze_rod",
                  "nbt": "{nbt:\"red_rod\"}"
                }
              ],
              "slots": {
              }
            }
          }
    },
    "parent":"victordepths:the_victordepths"
}