{
  "name": "victordepths:smiles",
  "fallback": "minecraft:empty",
  "elements": [
    {
      "weight": 1,
      "element": {
        "location": "victordepths:smile_1",
        "processors": {
          "processors": []
        },
        "projection": "rigid",
        "element_type": "minecraft:legacy_single_pool_element"
      }
    },
    {
      "weight": 1,
      "element": {
        "location": "victordepths:smile_2",
        "processors": {
          "processors": []
        },
        "projection": "rigid",
        "element_type": "minecraft:legacy_single_pool_element"
      }
    },
    {
      "weight": 1,
      "element": {
        "location": "victordepths:smile_3",
        "processors": {
          "processors": []
        },
        "projection": "rigid",
        "element_type": "minecraft:legacy_single_pool_element"
      }
    },
    {
      "weight": 1,
      "element": {
        "location": "victordepths:smile_4",
        "processors": {
          "processors": []
        },
        "projection": "rigid",
        "element_type": "minecraft:legacy_single_pool_element"
      }
    }
  ]
}