{
  "effects": {
    "foliage_color": 1341460,
    "sky_color": 110,
    "grass_color": 1341530,
    "grass_color_modifier": "none",
    "music":
    {
      "sound": "victordepths:uncharted",
      "min_delay": 2000,
      "max_delay": 3000,
      "replace_current_music": true
    },
    "fog_color": 2642010,
    "water_color": 4445678,
    "water_fog_color": 1991810
  },
  "carvers": {
    "air": [
    ]
  },
  "features": [
    [],
    [],
    [],
    [],
    [],
    [],
    [
      "victordepths:ore_uncharted_amethyst"
    ],
    [],
    [
      "minecraft:glow_lichen",
      "minecraft:patch_tall_grass_2",
      "minecraft:lush_caves_ceiling_vegetation",
      "minecraft:cave_vines",
      "minecraft:lush_caves_clay",
      "minecraft:lush_caves_vegetation",
      "minecraft:rooted_azalea_tree",
      "minecraft:spore_blossom",
      "minecraft:classic_vines_cave_feature",
      "minecraft:bamboo_light",
      "minecraft:trees_jungle",
      "minecraft:vines"
    ],
    [
    ]
  ],
  "spawners": {
    "creature": [
      {
        "type": "minecraft:wandering_trader",
        "weight": 15,
        "minCount": 1,
        "maxCount": 1
      }
    ],
    "monster": [
      {
        "type": "minecraft:phantom",
        "weight": 2,
        "minCount": 1,
        "maxCount": 1
      },
      {
        "type": "minecraft:creeper",
        "weight": 20,
        "minCount": 1,
        "maxCount": 8
      },
      {
        "type": "minecraft:spider",
        "weight": 10,
        "minCount": 4,
        "maxCount": 8
      }
    ],
      "ambient": [
        {
          "type": "minecraft:bat",
          "weight": 15,
          "minCount": 1,
          "maxCount": 2
        }
      ],
    "axolotls": [],
    "underground_water_creature": [
    ],
    "water_creature": [
    ],
    "water_ambient": [],
    "misc": []
  },
  "spawn_costs": {},
  "precipitation": "none",
  "temperature": 1.0,
  "downfall": 2.0,
  "category": "none"
}