{
  "effects": {
    "foliage_color": 9226340,
    "sky_color": 1836140,
    "grass_color": 11852980,
    "grass_color_modifier": "none",
    "mood_sound": {
      "sound": "minecraft:entity.lightning_bolt.thunder",
      "tick_delay": 100,
      "block_search_extent": 8,
      "offset": 2.0
    },
    "music": {
      "sound": "victordepths:weatherkeep",
      "min_delay": 500,
      "max_delay": 1000,
      "replace_current_music": true
    },
    "particle": {
      "probability": 0.02,
      "options": {
        "type": "minecraft:falling_water"
      }
    },
    "fog_color": 263248,
    "water_color": 4445678,
    "water_fog_color": 1991810
  },
"carvers": {
  "air": [
  ]
},
"features": [
  [],
  [],
  [],
  [],
  [],
  [],
  [],
  [],
  [
  ],
  [
    "victordepths:weathershroom"
  ]
],
"spawners": {
  "creature": [
    {
      "type": "minecraft:wandering_trader",
      "weight": 15,
      "minCount": 1,
      "maxCount": 1
    }
  ],
  "monster": [
    {
      "type": "minecraft:husk",
      "weight": 15,
      "minCount": 1,
      "maxCount": 2
    }
  ],
    "ambient": [
      
    ],
  "axolotls": [],
  "underground_water_creature": [
  ],
  "water_creature": [
  ],
  "water_ambient": [],
  "misc": []
},
"spawn_costs": {
  "minecraft:wandering_trader": {
    "energy_budget": 0.1,
    "charge": 9.0
  }
},
"precipitation": "rain",
"temperature": 1.0,
"downfall": 2.0,
"category": "none"
}