{
  "config": {
    "decorators": [],
    "ignore_vines": true,
    "force_dirt": false,
    "dirt_provider": {
      "state": {
        "Name": "minecraft:calcite"
      },
      "type": "minecraft:simple_state_provider"
    },
    "minimum_size": {
      "middle_size": 1,
      "upper_size": 2,
      "limit": 1,
      "upper_limit": 1,
      "lower_size": 0,
      "type": "minecraft:three_layers_feature_size"
    },
    "trunk_provider": {
      "state": {
        "Name": "minecraft:birch_log",
        "Properties":{
          "axis":"y"
        }
      },
      "type": "minecraft:simple_state_provider"
    },
    "trunk_placer": {
      "base_height": 12,
      "height_rand_a": 5,
      "height_rand_b": 4,
      "type": "minecraft:dark_oak_trunk_placer"
    },
    "foliage_provider": {
      "state": {
        "Name": "minecraft:birch_leaves",
        "Properties":{
          "persistent":"true"
        }
      },
      "type": "minecraft:simple_state_provider"
    },
    "foliage_placer": {
      "radius": 2,
      "offset": 0,
      "type": "minecraft:dark_oak_foliage_placer"
    }
  },
  "type": "minecraft:tree"
}