{
  "config": {
    "tries": 128,
    "xz_spread": 7,
    "y_spread": 3,
    "feature": {
      "feature": {
        "config": {
          "to_place": {
            "state": 
              {
                "Name": "minecraft:red_glazed_terracotta",
                "Properties": {
                  "facing": "west"
                }
              },
            "type": "minecraft:simple_state_provider"
          }
        },
        "type": "minecraft:simple_block"
      },
      "placement": [
        {
          "predicate": {
            "blocks": [
              "minecraft:air"
            ],
            "type": "minecraft:matching_blocks"
          },
          "type": "minecraft:block_predicate_filter"
        }
      ]
    }
  },
  "type": "minecraft:random_patch"
}